id,link,年份,title-short,title,Case Grounding,Distributional Position,Case–Data Relationship,Narrative Content,Visual Representation,Narrative Role,Narrative Function,Spatial Relationship,Visual Linkage,Transition
1,https://pudding.cool/2022/11/upward-mobility/,2022,On Upward Mobility,On Upward Mobility,Real Individual,Typical Case,Attribute Matched,Events and Actions,Original Material,Micro-led,"Entry,Elaboration,Reflection",Juxtaposed,Explicit Annotation,Guided Progression
2,https://pudding.cool/2024/03/teenagers/,2024,This is a teenager,This is a teenager,Real Individual,"Typical Case,Any Case",Record Linked,Changing States,"Illustrated Character,Icon",Macro-led,"Entry,Reflection","Separated,Embedded","Shared encoding,Visual Highlighting","Guided Progression,Direct Selection"
3,https://www.theguardian.com/us-news/ng-interactive/2017/dec/20/bussed-out-america-moves-homeless-people-country-study,2017,Bussed Out,Bussed Out: How America Moves Its Homeless,Real Individual,Typical Case,Record Linked,Events and Actions,"Original Material,Data-encoded Figure",Macro-led,"Entry,Reflection",Layered,Explicit Annotation,Guided Progression
4,https://atlasfolio.github.io/capstone/,2023,Visualizing a Life Uprooted,Visualizing a Life Uprooted,Real Individual,Typical Case,Contextually Related,"Background Attributes,Events and Actions","Original Material,Data-encoded Figure",Micro-led,"Entry,Elaboration",Separated,Explicit Annotation,Guided Progression
5,https://www.washingtonpost.com/health/interactive/2022/1-million-covid-deaths-us/,2022,Lives Cut Short by Covid,Lives Cut Short by Covid,Real Individual,Any Case,Record Linked,Events and Actions,Original Material,Micro-Aggregated,Elaboration,"Juxtaposed,Layered",Visual Highlighting,Direct Selection
6,https://pudding.cool/2026/06/love-story/,2026,A love story,A love story,Real Individual,"Typical Case,Exceptional Case",Record Linked,"Background Attributes,Changing States","Illustrated Character,Icon",Macro-led,"Entry,Elaboration","Separated,Embedded",Shared encoding,"Guided Progression,Direct Selection"
7,https://pudding.cool/2024/10/abortion-mazes/,2024,Abortion Mazes,Abortion Mazes,Real Individual,Subgroup Case,Attribute Matched,Events and Actions,Illustrated Character,Micro-Aggregated,Elaboration,"Separated,Juxtaposed",Explicit Annotation,Direct Selection
8,https://pudding.cool/2026/02/happy-map/,2026,The Happy Map,The Happy Map,Real Individual,"Subgroup Case,Any Case",Record Linked,"Background Attributes,Personal Voice",Icon,Micro-Aggregated,Elaboration,Embedded,"Explicit Annotation,Shared encoding","Guided Progression,Direct Selection,Filtered Exploration"
9,https://pudding.cool/2025/06/hello-stranger/,2025,Hello Stranger,Hello Stranger,Real Individual,"Typical Case,Any Case",Record Linked,Events and Actions,Illustrated Character,Macro-led,"Entry,Elaboration","Separated,Embedded",Shared encoding,"Guided Progression,Direct Selection"
10,https://pudding.cool/2025/05/aapi-casting/,2025,Casting Call,Casting Call: AAPI Representation in Hollywood,Real Individual,"Exceptional Case,Any Case","Record Linked,Contextually Related",Background Attributes,"Illustrated Character,Icon",Macro-led,"Entry,Elaboration","Separated,Embedded","Explicit Annotation,Visual Highlighting","Guided Progression,Direct Selection"
11,https://pudding.cool/2025/02/middle-school/,2025,The Middle School Years,The Middle School Years,curated persona,Typical Case,Record Linked,"Personal Voice,Changing States",Icon,Macro-led,"Entry,Elaboration",Layered,"Explicit Annotation,Shared encoding",Guided Progression
12,https://ydcpodcast.org/,2024,Failures to Act,Failures to Act,Real Individual,Typical Case,Record Linked,Events and Actions,"Original Material,Icon",Micro-Aggregated,"Entry,Elaboration",Embedded,Visual Highlighting,Guided Progression
13,https://pudding.cool/2021/12/sesame/,2021,The Sesame Street Effect,The Sesame Street Effect,curated persona,Typical Case,Attribute Matched,Events and Actions,Illustrated Character,Micro-led,"Entry,Elaboration",Separated,Explicit Annotation,Guided Progression
14,https://pudding.cool/2019/10/shelters/,2019,Finding Forever Homes,Finding Forever Homes,Real Individual,Subgroup Case,Record Linked,Background Attributes,Icon,Macro-led,Entry,Separated,Explicit Annotation,Filtered Exploration
15,https://pudding.cool/2018/07/women-in-congress/,2018,The Road to Gender Parity,We mapped out the road to gender parity in the House of Representatives,Real Individual,"Exceptional Case,Any Case",Record Linked,Background Attributes,Original Material,Micro-Aggregated,Elaboration,Embedded,"Visual Highlighting,Connecting marks","Guided Progression,Direct Selection"
16,https://pudding.cool/2018/07/women-in-parliament/,2018,Women in the House of Commons,100 Years of Women in the House of Commons,Real Individual,"Exceptional Case,Any Case",Record Linked,Background Attributes,Original Material,Micro-Aggregated,Elaboration,Embedded,"Visual Highlighting,Connecting marks","Guided Progression,Direct Selection"
17,https://dontwannagetbald.github.io/visualizing-the-storm.github.io/,2025,Visualizing the Storm,Visualizing the Storm,Real Individual,"Typical Case,Any Case",Attribute Matched,"Background Attributes,Events and Actions","Illustrated Character,Data-encoded Figure",Macro-led,"Entry,Elaboration",Embedded,Shared encoding,"Guided Progression,Direct Selection,Filtered Exploration"
18,https://kitee0325.github.io/modern-chronicle/,2025,A Boat in the Tide,A small boat in a great tide,Real Individual,Typical Case,Contextually Related,Events and Actions,Illustrated Character,Micro-led,Elaboration,Juxtaposed,Explicit Annotation,Guided Progression
19,https://www.reuters.com/graphics/SOUTHKOREA-STAMPEDE/CHRONOLOGY/zjvqjqmmlpx/,2022,South Korea Halloween Disaster,How a Night of Halloween Revelry Turned to Disaster in South Korea,Real Individual,Typical Case,Contextually Related,Events and Actions,Original Material,Macro-led,Elaboration,Separated,Explicit Annotation,Guided Progression
20,https://www.bloomberg.com/graphics/2021-moves-into-fire-zones/,2021,Moving Into Fire Zones,More Americans Are Moving Into Fire-Risky Areas,Real Individual,Typical Case,Record Linked,Background Attributes,Original Material,Macro-led,Elaboration,Layered,"Explicit Annotation,Connecting marks",Guided Progression
21,https://arij.net/investigations/sudanese-refugees-trapped-gangs-border/?ref=sigmaawards.org,2025,Sudanese Refugees at the Border,Sudanese Refugees Trapped by Gangs at Border,Real Individual,Typical Case,Attribute Matched,"Events and Actions,Personal Voice",Original Material,Macro-led,Entry,Separated,Explicit Annotation,Guided Progression
22,https://www.nzz.ch/international/vertriebene-kinder-aus-der-ukraine-wie-russland-ihre-identitaet-raubt-ld.1915206?ref=sigmaawards.org,2025,Ukrainian Children Deported to Russia,Vertriebene Kinder aus der Ukraine: Wie Russland ihre Identität raubt,Real Individual,Typical Case,Record Linked,Events and Actions,"Original Material,Illustrated Character",Micro-led,Elaboration,Separated,"Explicit Annotation,Visual Highlighting",Guided Progression
23,https://www.theexamination.org/articles/battery-recycling-nigeria-lead-poisoning-us-automakers?ref=sigmaawards.org,2025,The Cost of Recycling Lead,Recycling Lead for U.S. Car Batteries Is Poisoning People,Real Individual,Typical Case,Contextually Related,"Events and Actions,Personal Voice",Original Material,Macro-led,Elaboration,Separated,Explicit Annotation,Guided Progression
24,https://tiedinknots.io/#/,2022,Tied in Knots,The Academia Is Tied in Knots,Real Individual,Any Case,Record Linked,"Background Attributes,Personal Voice",Data-encoded Figure,Micro-Aggregated,Elaboration,Embedded,Shared encoding,"Direct Selection,Filtered Exploration"
25,https://s.telegraph.co.uk/graphics/projects/safaas-journey/index.html,2015,Safaa’s Fatal Journey,Fleeing Syria for Europe: Safaa’s fatal journey,Real Individual,Typical Case,Attribute Matched,Events and Actions,"Original Material,Data-encoded Figure",Micro-led,"Entry,Elaboration,Reflection","Separated,Juxtaposed","Explicit Annotation,Shared encoding",Guided Progression
26,https://www.nytimes.com/interactive/2020/05/24/us/us-coronavirus-deaths-100000.html,2020,An Incalculable Loss,"U.S. Deaths Near 100,000, An Incalculable Loss",Real Individual,Typical Case,Record Linked,Background Attributes,Icon,Micro-Aggregated,Elaboration,Embedded,Shared encoding,Guided Progression
27,https://www.propublica.org/article/lost-mothers-maternal-health-died-childbirth-pregnancy,2017,Lost Mothers,Lost Mothers,Real Individual,Any Case,Record Linked,"Background Attributes,Events and Actions","Original Material,Icon",Micro-Aggregated,Elaboration,"Separated,Embedded",Explicit Annotation,"Guided Progression,Direct Selection"
28,https://www.washingtonpost.com/graphics/2018/national/mass-shootings-in-america/,2023,The Toll of Mass Shootings,The terrible numbers that grow with each mass shooting,Real Individual,Any Case,Record Linked,"Background Attributes,Events and Actions",Icon,Macro-led,Elaboration,Embedded,"Shared encoding,Visual Highlighting","Direct Selection,Filtered Exploration"
29,https://h5.thepaper.cn/html/zt/2020/12/liudiao/index.html,2020,"11,699 COVID-19 Cases",What 11699 Cases Tell Us About COVID-19?,Real Individual,"Typical Case,Any Case",Record Linked,Background Attributes,Icon,Macro-led,"Entry,Elaboration",Embedded,"Shared encoding,Visual Highlighting","Guided Progression,Hierarchical Navigation"
30,https://works.periscopic.com/thewaitwecarry/,2014,What vets are experiencing,What vets are experiencing,Real Individual,Any Case,Record Linked,Background Attributes,Icon,Micro-Aggregated,Elaboration,Embedded,Shared encoding,"Hierarchical Navigation,Filtered Exploration"
31,https://projects.nj.com/data/force-visual/,2019,Police Use of Force,"Explore 17,369 officers who used force in N.J.",Real Individual,Any Case,"Record Linked,Attribute Matched",Background Attributes,Icon,Micro-Aggregated,Elaboration,Embedded,Shared encoding,"Guided Progression,Hierarchical Navigation,Filtered Exploration"
32,https://h5.thepaper.cn/html/zt/2019/12/ryhw/index.html,2020,After the Poison Gas,毒气余生,Real Individual,Typical Case,Attribute Matched,Events and Actions,Original Material,Micro-led,"Entry,Elaboration",Separated,Explicit Annotation,Guided Progression
33,https://www.reuters.com/graphics/USA-TEMPERATURE/PRISONS/jnpwbejwlvw/,2026,Scorching Cells,Scorching cells: How heat threatens lives in America’s prisons,Real Individual,Typical Case,Attribute Matched,Events and Actions,Illustrated Character,Micro-led,"Entry,Elaboration",Separated,Explicit Annotation,Guided Progression
34,https://www.reuters.com/graphics/ISRAEL-PALESTINIANS/FATALITIES/byvrxlqeqve/,2025,The lives lost in Gaza,The lives lost in Gaza,Real Individual,Typical Case,Attribute Matched,Background Attributes,Illustrated Character,Macro-led,Entry,Separated,"Explicit Annotation,Shared encoding",Guided Progression
35,https://www.reuters.com/graphics/GUATEMALA-CLIMATECHANGE/HUNGER/jnvwwbjzyvw/,2023,Hunger in Guatemala’s Mayan Highlands,"In a warming world, hunger stalks Guatemala’s Mayan highlands",Real Individual,Typical Case,Attribute Matched,"Background Attributes,Changing States",Original Material,Macro-led,Entry,Layered,Explicit Annotation,Guided Progression
36,https://www.nytimes.com/interactive/2020/12/17/world/asia/india-pollution-inequality.html,2020,Clean Air in New Delhi,Who Gets to Breathe Clean Air in New Delhi?,Real Individual,Subgroup Case,Attribute Matched,"Background Attributes,Events and Actions",Original Material,Micro-led,"Entry,Elaboration",Separated,Explicit Annotation,Guided Progression
37,https://www.washingtonpost.com/climate-environment/interactive/2023/india-deadly-extreme-heat-poverty/,2022,The inequality of heat,"The inequality of heat 
",Real Individual,Typical Case,Contextually Related,Background Attributes,Illustrated Character,Macro-led,Elaboration,Separated,Visual Highlighting,Guided Progression
38,https://multimedia.scmp.com/infographics/news/hong-kong/article/3290257/helpers-bedtime-stories/index.html?alichlgref=https%3A%2F%2Fwww.scmp.com%2F,2024,Hong Kong Helpers’ Bedtime Stories,Bedtime stories of Hong Kong’s helpers,Real Individual,Typical Case,Attribute Matched,Background Attributes,Illustrated Character,Micro-led,"Entry,Elaboration",Separated,"Explicit Annotation,Visual Highlighting",Guided Progression
39,https://www.bloomberg.com/graphics/2024-uber-lyft-nyc-drivers-pay-lockouts/,2024,Uber and Lyft’s Pay Loophole,How Uber and Lyft Used a Loophole to Deny NYC Drivers Millions in Pay,Real Individual,Typical Case,Attribute Matched,Events and Actions,Illustrated Character,Macro-led,"Entry,Elaboration",Separated,"Explicit Annotation,Shared encoding",Guided Progression
40,https://h5.thepaper.cn/html/zt/2023/02/energy_crisis/index.html,2023,Russia-Europe Gas Standoff,俄欧斗气,Real Individual,Typical Case,Attribute Matched,Events and Actions,Illustrated Character,Macro-led,Entry,Separated,"Explicit Annotation,Shared encoding",Guided Progression
41,https://h5.thepaper.cn/html/interactive/2022/09/hearingloss/index.html,2022,Hearing a Silent World,听见无声的世界,Real Individual,Typical Case,Attribute Matched,"Background Attributes,Personal Voice",Original Material,Micro-led,"Entry,Elaboration",Separated,Explicit Annotation,Guided Progression
42,https://mp.weixin.qq.com/s/EdV7hljEkbJ0AlUGgsjHaA,2022,The Struggles of Disadvantaged Students ,凉山小伙致谢刷屏背后，寒门学子有多难？,Real Individual,Typical Case,Contextually Related,"Events and Actions,Personal Voice",Illustrated Character,Micro-led,"Entry,Elaboration,Reflection",Separated,"Explicit Annotation,Shared encoding",Guided Progression
43,https://h5.thepaper.cn/html/zt/2021/07/aoyun/index.html,2021,Olympic Champions Compared,东京奥运会前，我们让所有奥运冠军一起PK了一把,Real Individual,"Typical Case,Exceptional Case",Attribute Matched,Background Attributes,Icon,Macro-led,Entry,"Separated,Juxtaposed","Explicit Annotation,Visual Highlighting",Guided Progression
44,https://mp.weixin.qq.com/s?__biz=Mzk2NDk1OTYwMA==&mid=2247627525&idx=1&sn=848082b921a5b66e6961c9f9707df8ea&source=41&poc_token=HKyMAmqjcK6McnIEP5ThTESZ74buzTkTB7nJ4UZl,2018,The Kiwifruit Story,猕猴桃的故事,curated persona,Typical Case,Attribute Matched,Events and Actions,Illustrated Character,Micro-led,Elaboration,Separated,Explicit Annotation,Guided Progression
45,https://mp.weixin.qq.com/s?__biz=Mzk2NDk1OTYwMA==&mid=2247627523&idx=5&sn=28da979263a370d6ee870be939b25edf&source=41&poc_token=HKuLAmqjnc5CviCmDdvAOEB_1MzLOknH9XE92Cid,2018,The Cotton Supply Chain,棉花“产业链”,curated persona,Typical Case,Attribute Matched,"Events and Actions,Changing States",Illustrated Character,Micro-led,Elaboration,"Separated,Juxtaposed",Explicit Annotation,Guided Progression
46,https://www.youtube.com/watch?v=MY1S2-ozDnE&t=21s,2025,The Lighthouse,The Lighthouse: Shining a Light on the Gender Gap in Economic Engagement,Real Individual,Typical Case,Record Linked,Background Attributes,"Original Material,Data-encoded Figure",Micro-Aggregated,"Entry,Elaboration",Embedded,Shared encoding,"Direct Selection,Hierarchical Navigation"
47,"https://www.storiesbehindaline.com/
https://www.behance.net/gallery/57105295/The-Stories-Behind-a-Line",2017,The Stories Behind a Line,The Stories Behind a Line,Real Individual,Subgroup Case,Record Linked,"Background Attributes,Events and Actions",Data-encoded Figure,Micro-led,Elaboration,Separated,Shared encoding,Guided Progression
48,https://pudding.cool/2018/02/stand-up/,2018,The Structure of Stand-Up Comedy,The Structure of Stand-Up Comedy,Real Individual,Typical Case,Attribute Matched,"Events and Actions,Changing States","Original Material,Data-encoded Figure",Micro-led,"Entry,Elaboration,Reflection",Separated,"Explicit Annotation,Shared encoding",Guided Progression
49,https://pudding.cool/2018/11/dearabby/,2018,30 Years of American Anxieties,30 Years of American Anxieties,Real Individual,Any Case,Record Linked,Personal Voice,Original Material,Macro-led,Elaboration,Embedded,Shared encoding,"Guided Progression,Direct Selection"
50,https://www.washingtonpost.com/graphics/2020/health/coronavirus-herd-immunity-simulation-vaccine/,2020,Herd Immunity Simulation,Herd Immunity Simulation — When Will COVID End?,curated persona,Subgroup Case,Contextually Related,"Background Attributes,Events and Actions","Illustrated Character,Icon",Macro-led,Entry,Separated,"Explicit Annotation,Shared encoding",Guided Progression
51,https://guns.periscopic.com/,2018,U.S. Gun Deaths,U.S. Gun Deaths,Real Individual,Any Case,Record Linked,Background Attributes,Data-encoded Figure,Macro-led,Elaboration,Embedded,Shared encoding,"Direct Selection,Filtered Exploration"
52,https://multimedia.scmp.com/infographics/news/hong-kong/article/3180601/subdivided-flats/index.html,2022,Hong Kong’s Shoebox Housing,Life in Hong Kong's Shoebox Housing,curated persona,Typical Case,Contextually Related,Background Attributes,Illustrated Character,Macro-led,Elaboration,Separated,"Explicit Annotation,Shared encoding",Guided Progression
53,https://y0uk1.github.io/PacificVis2025/,2025,The Story of Wagyu,The Story of Wagyu: Bringing Charm of Japan's Pride to the World,curated persona,Typical Case,Contextually Related,Background Attributes,Illustrated Character,Macro-led,"Entry,Elaboration",Separated,"Explicit Annotation,Shared encoding",Guided Progression
54,https://projects.thepaper.cn/interactive/2018/jidang40/index.html,2018,Forty Years of Transformation,激荡四十年,Real Individual,Typical Case,Attribute Matched,Background Attributes,Original Material,Micro-Aggregated,Elaboration,Separated,Explicit Annotation,Guided Progression
55,https://ig.ft.com/supermarket-tuna/,2025,The Dark Truth Behind Tuna,"The dark truth behind supermarket tuna
",Real Individual,Typical Case,Attribute Matched,Events and Actions,Illustrated Character,Macro-led,"Entry,Elaboration",Separated,"Explicit Annotation,Shared encoding",Guided Progression